{
    "Chicony_Electronics_Co._Ltd._HD_User_Facing_0001": {
        "device": 0,
        "format": "MJPG",
        "resolution": "640x480",
        "fps": 30,
        "intrinsic": {
            "geometric": {
                "camera_matrix": [
                    [
                        975.0149797218825,
                        0.0,
                        295.8936599864796
                    ],
                    [
                        0.0,
                        972.2017862245037,
                        220.74825437826956
                    ],
                    [
                        0.0,
                        0.0,
                        1.0
                    ]
                ],
                "dist_coeffs": [
                    [
                        0.1531496165102873,
                        0.9832816654838732,
                        -3.0327553161728865e-05,
                        -0.013167985746837797,
                        -14.924412777468719
                    ]
                ],
                "reprojection_error": 0.07775309028955273
            },
            "perspective": {
                "roll": -5.900446365633646,
                "pitch": 179.4858189450255,
                "scale_mm_per_pixel": 0.098742247718047,
                "successful_images": 15,
                "translate_x": 0,
                "translate_y": 65
            }
        },
        "extrinsic": {
            "tx": 0.0,
            "ty": 0.0,
            "az": 0.0
        }
    },
    "calibration_settings": {
        "checkerboard_boxes": {
            "x": 11,
            "y": 8
        },
        "checkerboard_dim": {
            "size_mm": 5
        },
        "num_offset_marker": 4
    },
    "hardware_setting": {
        "screen_size": {
            "width": 640,
            "height": 480
        }
    },
    "Etron_Technology__Inc._USB2.0_Camera": {
        "device": 2,
        "format": "YUYV",
        "resolution": "640x480",
        "fps": 30,
        "intrinsic": {
            "geometric": {
                "camera_matrix": [
                    [
                        975.0149797218825,
                        0.0,
                        295.8936599864796
                    ],
                    [
                        0.0,
                        972.2017862245037,
                        220.74825437826956
                    ],
                    [
                        0.0,
                        0.0,
                        1.0
                    ]
                ],
                "dist_coeffs": [
                    [
                        0.1531496165102873,
                        0.9832816654838732,
                        -3.0327553161728865e-05,
                        -0.013167985746837797,
                        -14.924412777468719
                    ]
                ],
                "reprojection_error": 0.07775309028955273
            },
            "perspective": {
                "roll": -3.867898755445812,
                "pitch": 181.6822214560685,
                "scale_mm_per_pixel": 0.09927528707177061,
                "successful_images": 5,
                "translate_x": 0,
                "translate_y": 0
            }
        },
        "extrinsic": {
            "tx": -6.210414458445268,
            "ty": 2.233163901913092,
            "az": -15.704330898951572
        }
    },
    "active_camera": {
        "id": "Etron_Technology__Inc._USB2.0_Camera",
        "device": 2
    }
}